cell,framework,language,numberOfFiles,contentSize,minRuns,mean,stddev,median,min,max,status,suite,suiteVersion,profile,features,fingerprint,cv,noisy,attempts,user,system,cpuUtilization,peakRssMB,inputMB,outputFiles,outputMB,postsPerSecond,inputMBPerSecond,imageBuildSeconds,failureReason
nf1000-cs5,zola,rust,1000,5,5,0.2889141607,0.005793666982660923,0.2866094183,0.2847671573,0.2988309503,ok,M,1,core,,3f2f1aaf006c,0.02005324684890367,false,1,0.38270135999999993,0.35785412,2.563,102.85,5.35,1004,8.92,3489.068872654001,18.650378036094008,23.706,
nf1000-cs5,metalsmith-handlebars,javascript,1000,5,5,0.999967708,0.01667738418256828,1.0092148864,0.9805221364000001,1.0136070634,ok,M,1,core,,ebe58c534103,0.016677922746049595,false,1,1.20489684,0.35557106,1.561,207.27,5.33,1002,8.89,990.869252401864,5.284676308159539,35.047,
nf1000-cs5,metalsmith-nunjucks,javascript,1000,5,5,1.1391671673000001,0.016115511684185905,1.1401400133000001,1.1144472063,1.1567070713,ok,M,1,core,,0719afa5a160,0.014146748736080697,false,1,1.4725317,0.2994601,1.556,204.39,5.33,1002,8.89,877.0852599985668,4.677823721459596,37.173,
nf1000-cs5,hugo,go,1000,5,5,1.1624304347199998,0.01808704698225725,1.16220969232,1.13888751232,1.18072674732,ok,M,1,core,,8e17af3b158e,0.015559681200719735,false,1,3.89834352,0.29342834000000007,3.606,487.24,5.33,1003,12.31,860.4299263791223,4.588994598172325,24.085,
nf1000-cs5,jekyll,ruby,1000,5,5,1.26433369196,0.011810832772488901,1.26722616916,1.25199657816,1.27937901316,ok,M,1,core,,32b3f23116a6,0.00934154713078908,false,1,1.1036812,0.15896214000000003,0.999,105.97,5.35,1001,11.17,789.1251177860895,4.2189580124784865,53.321,
nf1000-cs5,eleventy,javascript,1000,5,5,2.20208884782,0.08019519363983926,2.16690376842,2.12476441042,2.31519917042,ok,M,1,core,,e2d6f2db677c,0.0364177829242585,false,1,2.71236142,0.45643632,1.439,336.15,5.33,1001,8.3,461.48796018253773,2.461287888150582,32.904,
nf1000-cs5,hexo,javascript,1000,5,5,2.50561217916,0.06610839136413245,2.51147969236,2.40661286436,2.59267659136,ok,M,1,core,,ebe58c534103,0.02638412756530227,false,1,3.3037237399999997,0.63194752,1.571,723.14,5.33,1001,12.53,398.1716448044678,2.1235982979373835,39.973,
nf1000-cs5,publish,swift,1000,5,5,2.54445854056,0.010034865640423243,2.53975897596,2.53446017596,2.55999547296,ok,M,1,core,,3f2f1aaf006c,0.003943811809256168,false,1,2.4868281599999995,0.35755957999999993,1.118,54.29,5.33,1004,9.46,393.7381497478561,2.0999528106733223,122.006,
nf1000-cs5,jigsaw,php,1000,5,5,2.6578361187400006,0.009150736338696147,2.6584406567400003,2.64778531974,2.67136125774,ok,M,1,core,,8e17af3b158e,0.003442927227219048,false,1,2.32848372,0.32665343999999996,0.999,75.11,5.36,1003,9.29,376.16036207717445,2.014855583260763,73.561,
nf1000-cs5,astro,javascript,1000,5,5,3.64106716734,0.09341925205056888,3.6125172487399997,3.5418777007399997,3.79224432874,ok,M,1,core,,6fc37d2dc496,0.025657107588821764,false,1,4.62473858,0.73398932,1.472,819.27,5.33,1001,10.42,276.8152872761472,1.4763594559611344,46.944,
nf1000-cs5,mdbook,rust,1000,5,5,3.7076101666999994,0.01678582726181653,3.7087942239,3.6869868829,3.7271464589,ok,M,1,core,,3f2f1aaf006c,0.0045273981101300485,false,1,1.44352294,2.22641662,0.99,170.3,5.12,1019,12.69,269.6294104309851,1.3805025814066438,30.212,
nf1000-cs5,pelican,python,1000,5,5,6.756096568699999,0.033691183213242555,6.7751340407,6.7132594607,6.7882236117,ok,M,1,core,,ba134637a49c,0.004986782363255263,false,1,6.6491263400000005,0.1096438,1.0,51.45,5.33,1001,7.44,147.59855583560986,0.7871983001311899,48.035,
nf1000-cs5,starlight,javascript,1000,5,5,8.038162299940002,0.04708409903780621,8.05400324394,7.97266959894,8.09656409994,ok,M,1,core,,3f2f1aaf006c,0.005857570086406149,false,1,10.548242259999999,1.0679661399999998,1.445,1105.31,5.33,1014,38.85,124.16185711775331,0.6622016205435405,51.468,
nf1000-cs5,docfx,c#,1000,5,5,8.695919183320001,0.10367694742543106,8.67141150112,8.553596170119999,8.81723624612,ok,M,1,core,,8e17af3b158e,0.011922482861190575,false,1,21.807768,1.0453281799999998,2.628,220.17,5.33,1006,10.28,115.32147907763805,0.6150525781542188,50.004,
nf1000-cs5,lektor,python,1000,5,5,8.87824585374,0.0410092957280228,8.887070354939999,8.825273164939999,8.93296024094,ok,M,1,core,,3f2f1aaf006c,0.004619076381033925,false,1,7.615236359999999,1.20697168,0.994,72.68,5.12,1004,8.31,112.52302052994736,0.5761178651133305,49.413,
nf1000-cs5,mkdocs,python,1000,5,5,9.31945506364,0.11416470742292974,9.36957822004,9.15190258004,9.43422037304,ok,M,1,core,,2f62636d600c,0.012250148387789875,false,1,9.215163039999998,0.10183667999999998,1.0,59.31,5.12,1001,9.03,106.72839017034546,0.5464493576721687,44.67,
nf1000-cs5,nextjs-export,javascript,1000,5,5,9.3206924921,0.5955939362487543,9.290032609299999,8.707667169299999,10.065901115299999,ok,M,1,core,,8e17af3b158e,0.06390018088822969,false,1,24.51522278,3.2642474999999997,2.98,1423.88,5.33,5021,65.6,107.64224863957175,0.5740963701958274,57.741,
nf1000-cs5,middleman,ruby,1000,5,5,9.47979082882,0.08889504891985725,9.481975077020001,9.390857138020001,9.616114660020001,ok,M,1,core,,ae30efe0efb4,0.009377321770603084,false,1,25.9879075,1.2025996199999998,2.868,123.69,5.33,1002,10.01,105.46325969824004,0.5624750072298412,100.055,
nf1000-cs5,vuepress,javascript,1000,5,5,9.62144573688,0.13755958795867798,9.57341455388,9.50191603988,9.80869784588,ok,M,1,core,,8e17af3b158e,0.014297184822380467,false,1,14.03645948,2.20591282,1.688,2131.41,5.33,2009,22.98,104.45593830413529,0.5571025854968792,40.21,
nf1000-cs5,nanoc,ruby,1000,5,5,9.72288748712,0.08464704978690615,9.72475998352,9.62112829952,9.85328485352,ok,M,1,core,,ae30efe0efb4,0.0087059579676345,false,1,9.206804080000001,0.51363048,1.0,156.88,5.35,1001,10.08,102.83030138477899,0.5504890618454398,38.78,
nf1000-cs5,hakyll,haskell,1000,5,5,11.54767654926,0.08961610470227184,11.53023949746,11.41912911046,11.657457086460001,ok,M,1,core,,3f2f1aaf006c,0.007760531247995047,false,1,36.493172040000005,1.85997074,3.321,549.15,5.33,1003,10.75,86.72846736794065,0.4625553529200231,2434.814,
nf1000-cs5,vitepress,javascript,1000,5,5,16.33662016598,0.07889984223889104,16.33782173078,16.25737436678,16.42606446978,ok,M,1,core,,2bb7b205c77e,0.004829630697002742,false,1,21.4463667,2.5224209799999997,1.467,1825.71,5.33,3012,73.15,61.20766993778785,0.3264433954467793,40.865,
nf1000-cs5,analog,javascript,1000,5,5,19.05729370858,0.3200216445778667,18.959816216180002,18.781724134180003,19.60785063318,ok,M,1,core,,8e17af3b158e,0.016792607044398236,false,1,24.705138139999995,2.52622284,1.429,2723.81,5.33,2008,21.84,52.74312728551747,0.2812988237432694,61.071,
nf1000-cs5,quartz,javascript,1000,5,5,23.651270586399995,0.07529527830154793,23.6486760958,23.558622447799998,23.7488158898,ok,M,1,core,,3f2f1aaf006c,0.0031835616622154913,false,1,72.17318498,2.79874188,3.17,2267.0,5.33,1012,24.17,42.28566520802405,0.22552526739318005,274.652,
nf1000-cs5,nikola-mako,python,1000,5,5,24.69134744722,0.29057598632647097,24.57398377342,24.41240433142,25.13866105642,ok,M,1,core,,3f2f1aaf006c,0.011768332487629667,false,1,19.853831339999996,0.82599476,0.838,100.95,5.35,1025,8.84,40.69344267581196,0.21772513766315474,49.728,
nf1000-cs5,zensical,python,1000,5,5,33.00819459306,0.33768287349329873,32.84951271906,32.72318371006,33.49319519906,ok,M,1,core,,3f2f1aaf006c,0.010230273956404051,false,1,33.439994,0.82135198,1.038,219.76,5.12,1014,20.82,30.441851864054538,0.15586228154395923,56.199,
nf1000-cs5,sveltekit,javascript,1000,5,5,35.228557642940004,0.33627655802361783,35.11653656314,34.78755653014,35.61836930114,ok,M,1,core,,d9fc9f362ed7,0.009545567020709675,false,1,50.48235948,1.59837852,1.478,1399.12,5.33,2020,19.91,28.476612384652075,0.15187642410038138,41.716,
nf1000-cs5,gatsby,javascript,1000,5,5,35.803416908820004,0.23831768417044968,35.855296648620005,35.40526550962,35.99269366662,ok,M,1,core,,3f2f1aaf006c,0.006656283247416568,false,1,49.67721048,7.2503744,1.59,788.97,5.33,2030,20.71,27.889882206245474,0.14874717262185225,236.409,
nf1000-cs5,nuxt-content,javascript,1000,5,5,41.32916611660001,0.8318322222570915,40.9265482302,40.826481758199996,42.796207781199996,ok,M,1,core,,3f2f1aaf006c,0.02012700231865997,false,1,46.57341637999999,6.74083572,1.29,1809.03,5.33,2053,47.1,24.43401760576751,0.1303157542141427,57.141,
nf1000-cs5,sphinx,python,1000,5,5,54.318074382220004,0.38414412928378516,54.47979533982,53.771411227819996,54.71934063482,ok,M,1,core,,ba134637a49c,0.007072123481047544,false,1,53.690745979999996,0.6200571599999999,1.0,760.6,5.33,1005,13.44,18.355428719261116,0.09789636629016055,46.704,
nf1000-cs5,nextra,javascript,1000,5,5,90.72029555478,0.5819692746269116,90.57183058078,90.16571429678001,91.34629606978001,ok,M,1,core,,8e17af3b158e,0.006414984332535588,false,1,110.3662715,10.76095198,1.335,6227.77,5.33,5026,145.51,11.040960457436169,0.05888557143871817,69.731,
nf1000-cs5,observable-framework,javascript,1000,5,5,116.64920773594001,0.7082863137338706,116.51442171494001,115.86827083994001,117.79223097994,ok,M,1,core,,3f2f1aaf006c,0.006071934198963662,false,1,101.55588549999999,32.03541588,1.145,645.75,5.33,1007,12.34,8.582628530282406,0.045774367855066396,46.824,
nf1000-cs5,docusaurus,javascript,1000,5,5,257.5234239972,4.14522002410986,255.2131858774,253.3225620464,262.62955294439996,ok,M,1,core,,3f2f1aaf006c,0.01609647759325742,false,1,446.10423154,13.79456712,1.786,6387.68,5.33,3021,70.15,3.918292844321855,0.02089772118029223,101.411,
nf1000-cs5,quarto,typescript,1000,5,5,562.87399995362,16.961275127291845,560.84140876002,541.1943938650201,588.26576525702,ok,M,1,core,,ebe58c534103,0.03013334268182476,false,1,499.57439281999996,68.61207718,1.009,939.81,5.33,1013,26.21,1.7830352473632929,0.009509593829370956,36.043,
nf1000-cs5,dumi,javascript,1000,5,5,675.0299705584799,9.449300167837244,677.49335678308,664.9084625260799,687.07652228808,ok,M,1,core,,4f6fd13ef728,0.013998341673658505,false,1,727.9251726199999,51.467225799999994,1.155,4835.89,5.33,2018,61.95,1.4760292333319223,0.007872215936292407,84.657,
nf1000-cs50,zola,rust,1000,50,5,2.60169279728,0.017474920139243514,2.59880482788,2.58247102088,2.6298622158800002,ok,M,1,core,,3f2f1aaf006c,0.0067167500165711625,false,1,8.36441268,0.68152784,3.477,640.97,51.43,1004,87.76,384.7922665342128,19.788086218829577,26.542,
nf1000-cs50,jekyll,ruby,1000,50,5,3.7428153662200003,0.03928661803397412,3.74009177142,3.70259472542,3.8071633704199996,ok,M,1,core,,8e17af3b158e,0.010496541824784439,false,1,3.3409025799999994,0.4000471,1.0,272.27,51.43,1001,110.08,267.373118392849,13.750029984016933,48.497,
nf1000-cs50,mdbook,rust,1000,50,5,6.1624273688599995,0.07393909740128897,6.15095269426,6.0811208272599995,6.25323843026,ok,M,1,core,,d5e881f61a8f,0.011998372228274573,false,1,3.7678051600000004,2.3579381,0.994,1505.98,51.2,1019,118.62,162.5764413589441,8.323913797577937,31.062,
nf1000-cs50,eleventy,javascript,1000,50,5,6.368249227820001,0.03207900769645953,6.3867779570200005,6.315602660020001,6.39092679502,ok,M,1,core,,8e17af3b158e,0.0050373354667591925,false,1,6.96923348,0.79475552,1.219,1116.64,51.41,1001,81.38,156.57347205892043,8.049970477443827,42.37,
nf1000-cs50,metalsmith-handlebars,javascript,1000,50,5,9.361064714560001,0.09008130208283954,9.33821369736,9.25965558036,9.501649950360001,ok,M,1,core,,3f2f1aaf006c,0.009622976106844877,false,1,9.912690859999998,0.6609431599999999,1.13,551.32,51.41,1002,87.1,107.08686183554669,5.505696878037289,37.992,
nf1000-cs50,astro,javascript,1000,50,5,9.44683086082,0.05667503021809623,9.46319078242,9.37469161442,9.50776957342,ok,M,1,core,,3f2f1aaf006c,0.005999369635498771,false,1,13.2143529,1.11138716,1.516,1346.21,51.41,1001,102.22,105.6726027184958,5.432985045119441,46.012,
nf1000-cs50,metalsmith-nunjucks,javascript,1000,50,5,9.578478113720001,0.27205378461851565,9.46799989812,9.241822544120001,9.89179959712,ok,M,1,core,,3f2f1aaf006c,0.028402610664092012,false,1,10.36284592,0.67972734,1.153,563.38,51.41,1002,87.1,105.61892804821044,5.430225449221733,37.31,
nf1000-cs50,hugo,go,1000,50,5,9.75445961664,0.11251713344644902,9.79103300204,9.56529265804,9.85484181504,ok,M,1,core,,ae30efe0efb4,0.011534942771663904,false,1,37.19530758,0.8143492200000001,3.897,3899.75,51.41,1003,114.37,102.13426916155282,5.251067378619582,28.922,
nf1000-cs50,hexo,javascript,1000,50,5,14.718209683639998,0.3434941570508306,14.90880204684,14.31575104784,15.06580538884,ok,M,1,core,,d9fc9f362ed7,0.023338039369872613,false,1,17.749250579999998,2.0903211799999992,1.348,3438.9,51.41,1001,123.32,67.07447029333623,3.4485248270431854,44.016,
nf1000-cs50,nextjs-export,javascript,1000,50,5,16.63738738424,0.7004143090049622,16.37741035804,15.943809098040001,17.67737132204,ok,M,1,core,,8e17af3b158e,0.04209881592758004,false,1,34.81906476,4.60303748,2.369,1417.5,51.41,5021,492.66,61.059714456570354,3.1392859356888585,64.545,
nf1000-cs50,jigsaw,php,1000,50,5,18.990665745259996,0.05827328260882802,18.97363704466,18.934594975659998,19.08169437866,ok,M,1,core,,e0710eca8adb,0.0030685223672778732,false,1,18.562261319999998,0.42328718,1.0,152.88,51.44,1003,84.62,52.70470799279062,2.710939071877968,102.537,
nf1000-cs50,publish,swift,1000,50,5,20.1679640473,0.16837132734897334,20.2724103519,19.9642464809,20.3173514179,ok,M,1,core,,3f2f1aaf006c,0.008348454358312591,false,1,20.05875668,0.4762103399999999,1.018,161.09,51.41,1004,78.4,49.32812540006012,2.53612535991219,133.708,
nf1000-cs50,starlight,javascript,1000,50,5,34.652158502739994,0.20501955156840138,34.73164595254,34.29226643954,34.80272799154,ok,M,1,core,,3f2f1aaf006c,0.005916501609912416,false,1,47.480728799999994,2.4305132200000004,1.44,2488.26,51.41,1014,299.31,28.79218570195254,1.4803034117719385,46.044,
nf1000-cs50,pelican,python,1000,50,5,49.218733958559994,0.3222864324066962,49.31089137636,48.67445984536,49.53018599536,ok,M,1,core,,ba134637a49c,0.006548043935426034,false,1,49.051806500000005,0.1838497,1.0,117.46,51.41,1001,72.24,20.27949550470725,1.0426372869148326,46.699,
nf1000-cs50,middleman,ruby,1000,50,5,52.08984718818,0.6677470523912596,52.167946091180006,51.08196637918,52.95606277918,ok,M,1,core,,3f2f1aaf006c,0.012819140167160672,false,1,193.15760001999996,1.7420130599999997,3.742,186.24,51.41,1002,98.03,19.16885894361613,0.985535714021381,100.194,
nf1000-cs50,lektor,python,1000,50,5,60.449316459500004,0.7683384760717159,60.0272379645,59.6817011965,61.4339974695,ok,M,1,core,,dbc7b3c4cf92,0.012710457637457147,false,1,58.32920419999999,1.99901756,0.998,153.36,51.2,1004,81.12,16.6591039986114,0.8529461247289037,51.195,
nf1000-cs50,nanoc,ruby,1000,50,5,68.19690413088,0.6920125856942203,68.36200581508,67.00598924508,68.79009176808,ok,M,1,core,,ba134637a49c,0.01014727273200181,false,1,67.48766908,0.69819284,1.0,480.54,51.43,1001,98.1,14.628008468695482,0.7523678304455821,42.169,
nf1000-cs50,hakyll,haskell,1000,50,5,79.26247193537999,4.833024639593455,82.00532727058,72.46528349057999,83.59220480558,ok,M,1,core,,8e17af3b158e,0.060974942133190796,false,1,265.14380783999997,7.44300962,3.439,2581.09,51.41,1003,96.34,12.194329725683044,0.6269516348658597,2256.587,
nf1000-cs50,vuepress,javascript,1000,50,10,100.50846260033998,15.12764773610647,105.71907040584,58.025299437339996,107.83593022634,ok,M,1,core,,8e17af3b158e,0.15051118427967378,true,2,265.21322036000004,9.755963820000002,2.736,8373.34,51.41,2009,213.06,9.45903133806556,0.4863207158616851,44.331,
nf1000-cs50,mkdocs,python,1000,50,5,105.13227447470001,0.6353448819238182,104.8204978941,104.5596603451,105.9489261451,ok,M,1,core,,3f2f1aaf006c,0.006043290560376047,false,1,104.75987661999997,0.35402984000000004,1.0,286.29,51.2,1001,88.41,9.540118775340092,0.48845408129741275,48.319,
nf1000-cs50,analog,javascript,1000,50,5,108.5602398019,1.9081691842057444,108.83376744290001,106.30445733590001,110.45609343890001,ok,M,1,core,,3f2f1aaf006c,0.017577053879834447,false,1,134.41606176,4.64140474,1.281,4679.43,51.41,2008,191.58,9.188324758900341,0.472402777262803,65.219,
nf1000-cs50,docfx,c#,1000,50,5,116.3542532057,0.8186408595019905,116.3651988801,115.34304333509999,117.5629304121,ok,M,1,core,,3f2f1aaf006c,0.007035762225681035,false,1,187.07593744000002,10.028737819999998,1.694,877.45,51.41,1006,88.49,8.593634605741334,0.44182775000432173,51.71,
nf1000-cs50,nikola-mako,python,1000,50,5,159.803741984,1.5993242949412918,159.61468306760003,157.5644043476,161.9409849916,ok,M,1,core,,8e17af3b158e,0.010008052847106801,false,1,153.56877097999998,2.1981506,0.975,102.35,51.43,1025,83.99,6.265087777522823,0.32221580754082757,52.435,
nf1000-cs50,gatsby,javascript,1000,50,5,217.29317251654,2.385934678624234,217.82509466074,213.71171629574002,219.79636272274,ok,M,1,core,,de731ab3b8a5,0.010980256079802141,false,1,298.32426325999995,10.030239739999999,1.419,1137.76,51.41,2030,171.28,4.590839276610843,0.2360305367022827,212.412,
nf1000-cs50,zensical,python,1000,50,5,312.5174412899,0.7799633696696551,312.45494802089996,311.4703110759,313.3216933729,ok,M,1,core,,3f2f1aaf006c,0.0024957434901885654,false,1,313.68494265999993,2.00414972,1.01,1336.51,51.2,1014,200.82,3.2004613987841553,0.16386362361774875,57.981,
nf1000-cs50,sveltekit,javascript,1000,50,5,335.52174856734,1.798750395710467,335.16167167914,333.22592655814003,338.10442748814,ok,M,1,core,,8e17af3b158e,0.005361054546809664,false,1,482.93687501999995,7.87691936,1.463,4582.72,51.41,2020,172.94,2.9836347187017527,0.153398727671998,42.157,
nf1000-cs50,nuxt-content,javascript,1000,50,5,351.1680763154201,8.34819829070028,354.67641916882,336.39025143282004,356.40599067082,ok,M,1,core,,c5ccc7094d75,0.023772657179697353,false,1,445.83957131999995,39.47201606,1.382,5981.87,51.41,2053,401.81,2.819471343326089,0.1449585346567066,51.807,
nf1000-cs50,observable-framework,javascript,1000,50,5,586.8124043513399,3.984424289215771,585.6277365011399,583.0296221891399,591.2622433911399,ok,M,1,core,,ae30efe0efb4,0.006789945576593832,false,1,663.0222742599999,46.572638,1.209,1242.91,51.41,1007,110.35,1.7075693954909759,0.08779190396133145,44.707,
nf1000-cs50,sphinx,python,1000,50,5,806.06107681824,23.162306295145736,805.49035285124,782.1636174812401,830.84943075624,ok,M,1,core,,3f2f1aaf006c,0.028735175238301006,false,1,796.6176571999998,9.30792502,1.0,7212.0,51.41,1005,131.34,1.2414797973187923,0.06382866513299526,45.684,
nf1000-cs50,docusaurus,javascript,1000,50,,,,,,,failed,M,1,core,,3f2f1aaf006c,,,,,,,,,,,,,108.979,SSGBERK_VERIFY_FAIL build exited 134
nf1000-cs50,dumi,javascript,1000,50,,,,,,,failed,M,1,core,,c5ccc7094d75,,,,,,,,,,,,,77.461,SSGBERK_VERIFY_FAIL build exited 134
nf1000-cs50,nextra,javascript,1000,50,,,,,,,oom,M,1,core,,2bb7b205c77e,,,,,,,,,,,,,70.953,oom
nf1000-cs50,quarto,typescript,1000,50,,,,,,,timeout,M,1,core,,4f6fd13ef728,,,,,,,,,,,,,37.383,timeout
nf1000-cs50,quartz,javascript,1000,50,,,,,,,oom,M,1,core,,ebe58c534103,,,,,,,,,,,,,197.584,oom
nf1000-cs50,vitepress,javascript,1000,50,,,,,,,failed,M,1,core,,fe502e5b5baa,,,,,,,,,,,,,37.124,SSGBERK_VERIFY_FAIL build exited 134
