framework,language,numberOfFiles,contentSize,minRuns,mean,stddev,median,min,max,status,suite,suiteVersion,profile,features,fingerprint,cv,noisy,attempts,user,system,cpuUtilization,peakRssMB,inputMB,outputFiles,outputMB,postsPerSecond,inputMBPerSecond,imageBuildSeconds,failureReason
zola,rust,100000,5,1,35.1876953732,,35.1876953732,35.1876953732,35.1876953732,ok,GG,1,core,,3f2f1aaf006c,,,1,39.68088436,33.81885242,2.089,7199.55,534.74,100008,892.7,2841.9025156209286,15.196718464468463,21.453,
jekyll,ruby,100000,5,1,81.29741583299999,,81.29741583299999,81.29741583299999,81.29741583299999,ok,GG,1,core,,3f2f1aaf006c,,,1,63.08361176,16.870344699999997,0.983,2271.38,534.84,100001,1117.7,1230.051398010222,6.578776145832921,49.687,
hugo,go,100000,5,1,102.69113037929999,,102.69113037929999,102.69113037929999,102.69113037929999,ok,GG,1,core,,ebe58c534103,,,1,271.03179026,28.12430744,2.913,6908.29,533.54,100003,1231.28,973.7939355681447,5.19555581898189,26.492,
jigsaw,php,100000,5,1,289.26150037394,,289.26150037394,289.26150037394,289.26150037394,ok,GG,1,core,,ebe58c534103,,,1,222.91770032,47.636158959999996,0.935,3655.67,535.84,100003,929.9,345.70794893453143,1.85243283087207,100.02,
middleman,ruby,100000,5,1,592.42930199886,,592.42930199886,592.42930199886,592.42930199886,ok,GG,1,core,,ebe58c534103,,,1,1681.93462742,52.47331274,2.928,2254.61,533.54,100002,1002.2,168.79651236459677,0.9005926921572606,77.865,
pelican,python,100000,5,1,1074.1467721309398,,1074.1467721309398,1074.1467721309398,1074.1467721309398,ok,GG,1,core,,3f2f1aaf006c,,,1,1055.69258258,18.4966727,1.0,1052.34,533.54,100001,744.4,93.09714705152965,0.496708190950055,44.851,
mkdocs,python,100000,5,1,1097.20967224698,,1097.20967224698,1097.20967224698,1097.20967224698,ok,GG,1,core,,3f2f1aaf006c,,,1,1080.0590964399998,15.892579399999999,0.999,2691.27,512.0,100001,904.1,91.14028296452182,0.4666382487783517,46.621,
nikola-mako,python,100000,5,1,1836.9127916268399,,1836.9127916268399,1836.9127916268399,1836.9127916268399,ok,GG,1,core,,ba134637a49c,,,1,1778.58106826,44.43428846,0.992,3828.17,535.44,100025,861.04,54.43916578719897,0.29148770831183346,58.029,
nanoc,ruby,100000,5,1,3260.8763152246397,,3260.8763152246397,3260.8763152246397,3260.8763152246397,ok,GG,1,core,,3f2f1aaf006c,,,1,3208.10214362,38.20353618,0.996,5378.67,535.54,100001,1008.7,30.666603186729905,0.16423116004113367,44.152,
astro,javascript,100000,5,,,,,,,failed,GG,1,core,,ebe58c534103,,,,,,,,,,,,,44.448,SSGBERK_VERIFY_FAIL build exited 134
eleventy,javascript,100000,5,,,,,,,failed,GG,1,core,,ebe58c534103,,,,,,,,,,,,,33.181,SSGBERK_VERIFY_FAIL build exited 134
gatsby,javascript,100000,5,,,,,,,timeout,GG,1,core,,3f2f1aaf006c,,,,,,,,,,,,,229.771,timeout
hexo,javascript,100000,5,,,,,,,failed,GG,1,core,,3f2f1aaf006c,,,,,,,,,,,,,44.601,SSGBERK_VERIFY_FAIL build exited 134
metalsmith-handlebars,javascript,100000,5,,,,,,,failed,GG,1,core,,fe92e3e10f7a,,,,,,,,,,,,,34.72,SSGBERK_VERIFY_FAIL build exited 1
metalsmith-nunjucks,javascript,100000,5,,,,,,,failed,GG,1,core,,8e17af3b158e,,,,,,,,,,,,,41.675,SSGBERK_VERIFY_FAIL build exited 1
nextjs-export,javascript,100000,5,,,,,,,failed,GG,1,core,,ebe58c534103,,,,,,,,,,,,,46.152,
vitepress,javascript,100000,5,,,,,,,failed,GG,1,core,,ae30efe0efb4,,,,,,,,,,,,,36.62,SSGBERK_VERIFY_FAIL build exited 134
