framework,language,numberOfFiles,contentSize,minRuns,mean,stddev,median,min,max,status
zola,rust,100,0.500,3,0.03623587524,0.00027817126155122525,0.036202827240000006,0.03597570424,0.036529094240000004,ok
hugo,go,100,0.500,3,0.06580610411333333,0.0021633706476933906,0.06481607478000001,0.06431490278,0.06828733478,ok
metalsmith-nunjucks,javascript,100,0.500,3,0.12279070266000001,0.0054604220682962935,0.11999137366,0.11929761466,0.12908311966000002,ok
metalsmith-handlebars,javascript,100,0.500,3,0.13980375664000003,0.0030137040426314195,0.13847378764,0.13768381764,0.14325366464,ok
jigsaw,php,100,0.500,3,0.15165864362666667,0.0013863758855794878,0.15145773096,0.15038368596,0.15313451396,ok
mkdocs,python,100,0.500,3,0.2535165908733334,0.0003658000077669761,0.25370882954,0.25309475254,0.25374619053999997,ok
pelican,python,100,0.500,3,0.3233141687066667,0.0029225604875102603,0.32333524304,0.32038112804,0.32622613504,ok
eleventy,javascript,100,0.500,3,0.6460585824933334,0.00573066507484555,0.64392284416,0.64170247816,0.6525504251600001,ok
jekyll,ruby,100,0.500,3,0.6984299633733334,0.001455590060127281,0.6991137180400001,0.6967583860400001,0.69941778604,ok
hexo,javascript,100,0.500,3,0.7653649820866667,0.001210136924198362,0.7647705254200001,0.7645670404200001,0.7667573804200001,ok
nanoc,ruby,100,0.500,3,0.9191400332000002,0.005005534975270475,0.9184116932,0.9145385692000001,0.9244698372000001,ok
astro,javascript,100,0.500,3,1.2991779759866666,0.0527721282570741,1.29069546632,1.25116090332,1.35567755832,ok
middleman,ruby,100,0.500,3,1.58419576224,0.014522887694420242,1.57835224424,1.57350487124,1.60073017124,ok
vitepress,javascript,100,0.500,3,2.1388762118066666,0.03816897759605764,2.12347250014,2.1108161451400003,2.18233999014,ok
nikola-mako,python,100,0.500,3,4.681268779846667,0.0033855260233179893,4.68058009318,4.67828054618,4.68494570018,ok
nextjs-export,javascript,100,0.500,3,7.035954363086667,0.23276925883634253,7.02129726242,6.81086001242,7.275705814419999,ok
gatsby,javascript,100,0.500,3,15.079391913866665,0.22494219791609024,15.132443735199999,14.832665820199999,15.2730661862,ok
